,Euler | fixed step | 0.01,Euler | adapt step | 0.01,Runge-Kutta | fixed step | 0.01,Runge-Kutta | adapt step | 0.01
0,0.994,0.994,0.994,0.994
1,0.994,0.994,0.988158126824219,0.9931075940960012
2,0.9624456976511118,0.9939594982105596,0.9815045409140151,0.9906904499404234
3,0.929658054802458,0.9938787861507191,0.9749516010244711,0.9857261512654252
4,0.8968209450661659,0.9937580183977563,0.9684723140257478,0.9791342946738687
5,0.8637871910474121,0.9935971493263086,0.9620167196748128,0.9682522732884778
6,0.8304995832662971,0.9933957996847331,0.9555495881586876,0.9519994451882117
7,0.7969333653177738,0.9931531370654142,0.9490468878490286,0.9246759351424855
8,0.7630756928588123,0.9928677834922107,0.9424918310256396,0.8799889303483861
9,0.7289185639790325,0.9925377470067436,0.9358723508643729,0.7993691596797786
10,0.6944558941185591,0.9921603665732276,0.9291795525974089,0.6389440095333766
11,0.6596820768047571,0.9917322587689564,0.9224067419210983,0.4089391638278177
12,0.6245911450004991,0.9912492567376715,0.9155487955904639,0.16756292491018052
13,0.5891761907111995,0.9907063341675294,0.9086017403719016,-0.11116400273994068
14,0.5534288920035895,0.9900975085641982,0.9015624629236122,-0.3748198490164001
15,0.5173390724799163,0.9894157186416422,0.8944285044881384,-0.5946127871104614
16,0.4808942516704381,0.9886526703680348,0.8871979120702135,-0.5747483458103674
17,0.4440791619549963,0.9877986452218025,0.8798691281784352,-0.3116659420996941
18,0.4068752199322477,0.9868422625968932,0.8724409074791467,-0.019569769975741003
19,0.36925995497456693,0.9857701860150659,0.8649122525966626,0.01938765648797095
20,0.3312064232984332,0.9845667597272734,0.8572823637654172,-0.03491622782496736
21,0.2926826857956009,0.9832135581827132,0.8495505986490894,-0.19463537860112734
22,0.2536515275054429,0.9816888253527187,0.8417164397125717,-0.40857005486751086
23,0.21407079481071523,0.9799667734864645,0.8337794672589723,-0.552770567772783
24,0.1738951153318497,0.9780167007704832,0.8257393367451071,-0.7058567632712305
25,0.1330805072279279,0.9758018734234394,0.8175957593402562,-0.830741423533611
26,0.09159471516536982,0.973278098284188,0.8093484849425308,-1.0910103731166583
27,0.049438172399600196,0.9703918843812985,0.8009972870465116,-1.217091210815784
28,0.006682486901434151,0.9670780523674155,0.7925419489858334,-1.1124380140471337
29,-0.036469046920009726,0.9632565928970783,0.7839822511692268,-0.8321724677008562
30,-0.0796128092526488,0.9588284891778198,0.7753179589978622,-0.7176854965084434
31,-0.12212606070229491,0.953670088985358,0.7665488112023449,-0.6508770136230249
32,-0.163281899558222,0.9476254107235582,0.7576745083740626,-0.5460159437518368
33,-0.20248043938483354,0.9404954515436329,0.7486947014910356,-0.43622258414258974
34,-0.23941771964960684,0.9320230565283413,0.7396089802552689,-0.2397690439230047
35,-0.27407371513512446,0.9218710794638947,0.730416861068422,-0.16361969805379012
36,-0.3065960514831577,0.9095902297860368,0.7211177744764662,-0.2756098010953918
37,-0.3371925605753807,0.8945710065487863,0.7117110519125623,-0.5328766194497054
38,-0.36607040382371103,0.8759721211035395,0.7021959115610127,-0.7718410203328457
39,-0.39341148158484895,0.8526216191463075,0.6925714431539195,-0.725239518976062
40,-0.4193668205515243,0.8229299429976344,0.6828365914959721,-0.6090494379910374
41,-0.44405874992991956,0.7850881903037084,0.6729901384912139,-0.43166745524484396
42,-0.4675854292006317,0.7385129025958812,0.6630306834181083,-0.11636070650152608
43,-0.49002550270780815,0.6864908447800498,0.6529566211648508,0.1659513283130536
44,-0.5114421337865505,0.6344137296450778,0.6427661180945108,0.443411778141734
45,-0.5318862730094893,0.5855870332976412,0.6324570851576855,0.6792316652913468
46,-0.5513992291291575,0.5409063524801473,0.6220271478069371,
47,-0.5700146676041795,0.4999369746915717,0.6114736121898203,
48,-0.5877601597573738,0.4618333907372442,0.6007934270025151,
49,-0.6046583861085183,0.42578880202179825,0.5899831402697584,
50,-0.6207280755843307,0.3911519857731216,0.5790388501734778,
51,-0.6359847432053946,0.35741707400857725,0.567956148875221,
52,-0.6504412735909079,0.32418826270885825,0.556730058056921,
53,-0.6641083859245627,0.29114996551998695,0.5453549546286277,
54,-0.6769950072295208,0.2580476206680649,0.5338244847044996,
55,-0.6891085742418849,0.22467837544737687,0.522131463508144,
56,-0.7004552792917265,0.19088990739227837,0.5102677583064053,
57,-0.7110402719636939,0.15658486266148827,0.49822415074763227,
58,-0.7208678255887334,0.12172646728629197,0.4859901740423145,
59,-0.7299414755733361,0.08633843540577314,0.4735539191958341,
60,-0.7382641350264137,0.05049221220725457,0.4609018028797278,
61,-0.7458381919674624,0.014280081681875258,0.44801828735979193,
62,-0.7526655914988767,-0.02221799069302348,0.43488553997135143,
63,-0.7587479056310603,-0.058960976721869486,0.4214830156297865,
64,-0.7640863929105187,-0.09595892746288628,0.4077869403221358,
65,-0.768682049580822,-0.13327202391834816,0.3937696657414165,
66,-0.772535653676222,-0.17100317276567903,0.379398854122892,
67,-0.7756478031868858,-0.20929023480193854,0.3646364362383386,
68,-0.7780189492274211,-0.24830113487850028,0.3494372617148313,
69,-0.7796494249747048,-0.28823287825456684,0.33374732498365633,
70,-0.7805394710078964,-0.3293145356264307,0.31750139489334317,
71,-0.7806892575759914,-0.37181412194611496,0.3006197887186647,
72,-0.7800989042309618,-0.41604942612459345,0.2830038896198769,
73,-0.7787684971933194,-0.46240265650179774,0.2645297697199294,
74,-0.776698104758561,-0.5113369297970609,0.24503887171955993,
75,-0.773887791004908,-0.5634047156612337,0.2243239695941293,
76,-0.770337628023017,-0.6192086002837894,0.20210726986407515,
77,-0.7660477068553553,-0.6791725083388852,0.1780049093511902,
78,-0.7610181473054364,-0.7427273890609366,0.15146703999049718,
79,-0.755249106754107,-0.8066705241536867,0.12167345246062355,
80,-0.7487407881007516,-0.865465064882058,0.08735541307575828,
81,-0.7414934469309992,-0.9156647856899649,0.04658705624596109,
82,-0.7335073979987395,-0.9569553339746338,-0.0023978019629819075,
83,-0.7247830210985756,-0.9899146778453665,-0.052809248056037775,
84,-0.7153207663948861,-1.0149762103849542,-0.08661495775995073,
85,-0.7051211592651829,-1.0323317541343922,-0.10349250847780413,
86,-0.6941848047081747,-1.0420121308047152,-0.111713275694017,
87,-0.6825123913606987,-1.0439599813506828,-0.115639039790349,
88,-0.6701046951623093,-1.0380792790515936,-0.11726776868396335,
89,-0.656962582701663,-1.0242682156604794,-0.11759809348727192,
90,-0.643087014274822,-1.0024413893667077,-0.11717752998401514,
91,-0.6284790466821082,-0.9725449442787099,-0.11632912522766647,
92,-0.6131398357871055,-0.9345668198478521,-0.11525444030819422,
93,-0.5970706388587604,-0.8885434282989674,-0.11408467697834389,
94,-0.58027281671522,-0.8345636164181636,-0.1129080120711246,
95,-0.5627478356860193,-0.772770511033081,-0.111785129278365,
96,-0.5444972694074542,-0.7033616986068684,-0.11075849938180968,
97,-0.525522800464412,-0.626588096777931,-0.10985816231615991,
98,-0.5058262218905529,-0.5427518121646869,-0.1091054590023603,
99,-0.4854094385375228,-0.45220323036129784,-0.10851551328030316,
100,-0.4642744683227985,-0.35533754396590744,-0.1080989256296742,
101,-0.4424234433648166,-0.25259088964532556,-0.10786295504479691,
102,-0.41985861101318805,-0.14443623444413123,-0.10781235991373697,
103,-0.39658233478105126,-0.031379124407024284,-0.10795000655409037,
104,-0.3725970951859445,0.08604661500635244,-0.10827731625435495,
105,-0.3479054905049818,0.20728315736190772,-0.10879459805961972,
106,-0.32251023744958174,0.3317528800225247,-0.10950129943201048,
107,-0.2964141717645228,0.45886245651006624,-0.11039619703519016,
108,-0.26962024875566826,0.5880068087821031,-0.11147754330122547,
109,-0.24213154375032178,0.7185729004531896,-0.11274317996257532,
110,-0.2139512524938288,0.8499433587021857,-0.11419062664307361,
111,-0.1850826914857284,0.9814999176708119,-0.11581715043804194,
112,-0.15552929825848125,1.1126266798837559,-0.11761982087721236,
113,-0.12529463160154605,1.2427131948748196,-0.11959555355936848,
114,-0.09438237173335035,1.3711573560062777,-0.12174114494401372,
115,-0.06279632042349428,1.4973681175979914,-0.12405330019457114,
116,-0.03054040106734092,1.620768035077378,-0.1265286555289425,
117,0.002381341285023472,1.740795631032298,-0.12916379620452587,
118,0.03596473994362783,1.8569075898906198,-0.1319552710163381,
119,0.07020550663556191,1.9685807835552989,-0.13489960399760395,
120,0.10509923160246351,2.0753141298010633,-0.13799330386689,
121,0.14064138373709703,2.1766302847262446,-0.14123287165357062,
122,0.17682731075767757,2.272077170228972,-0.1446148068460554,
123,0.21365223941869022,2.361229337548618,-0.14813561233882946,
124,0.2511112757570412,2.44368916858875,-0.15179179840053048,
125,0.28919940537245714,2.5190879181607864,-0.15557988584268168,
126,0.32791149374112094,2.5870866024567785,-0.15949640853480992,
127,0.36724228656159935,2.647376741747503,-0.16353791538459,
128,0.407186410132178,2.699680968022374,-0.1677009718799089,
129,0.44773837175877484,2.7437535103580935,-0.1719821612722107,
130,0.48889256019265476,2.779380571514804,-0.17637808546629133,
131,0.5306432460972129,2.806380608130644,-0.18088536567018268,
132,0.5729845825431398,2.824604523893109,-0.18550064284936663,
133,0.6159106055313174,2.8339357807364376,-0.1902205780218717,
134,0.6594152345428343,2.8342904284109385,-0.19504185242449817,
135,0.7034922731155392,2.825617048787014,-0.19996116757522797,
136,0.748135409446582,2.8078966088565736,-0.2049752452525954,
137,0.7933382170204228,2.781142215947358,-0.21008082740925446,
138,0.8390941552618113,2.745398769991548,-0.21527467603404418,
139,0.8853965702132632,2.700742510203996,-0.220553572974416,
140,0.9322386952365851,2.6472804564895087,-0.22591431972905907,
141,0.9796136517380145,2.5851497486612685,-0.23135373721886793,
142,1.0275144499165652,2.514516888692052,-0.23686866554298533,
143,1.0759339895351794,2.435576892576241,-0.24245596372547154,
144,1.1248650607143098,2.3485523590002315,-0.2481125094571637,
145,1.174300344747563,2.253692462068726,-0.2538351988364599,
146,1.2242324149390549,2.151271875017791,-0.2596209461120677,
147,1.2746537374621336,2.04158963134698,-0.2654666834301738,
148,1.3255566722391467,1.924967929259078,-0.2713693605880018,
149,1.3769334738419272,1.8017508847938843,-0.27732594479531336,
150,1.4287762924126939,1.6723032386238212,-0.283333420445063,
151,1.481077174605063,1.537009021156579,-0.2893887888941269,
152,1.5338280645448792,1.396270180356587,-0.2954890682547819,
153,1.5870208048105785,1.2505051765373048,-0.3016312931974074,
154,1.640647137432808,1.1001475482725889,-0.30781251476471233,
155,1.6946987049130258,0.9456444535099661,-0.3140298001976451,
156,1.7491670512608166,0.7874551899277598,-0.3202802327730269,
157,1.8040436230496608,0.6260496985505457,-0.3265609116528482,
158,1.8593197704908986,0.46190705461483383,-0.3328689517450858,
159,1.9149867485256375,0.29551394965401584,-0.3392014835758315,
160,1.971035717934354,0.12736316874451156,-0.34555565317246434,
161,2.027457746463944,-0.04204793317850167,-0.3519286219575549,
162,2.084243809971979,-0.2122189520685218,-0.3583175666531523,
163,2.1413847935879304,-0.3826479487606337,-0.3647196791950727,
164,2.1988714928911235,-0.5528329524497072,-0.371132166656787,
165,2.2566946151051894,-0.7222734499602029,-0.37755225118248303,
166,2.3148447803087784,-0.8904718571875125,-0.3839771699288655,
167,2.3733125226623097,-1.0569349691725334,-0.3904041750152438,
168,2.4320882916505275,-1.2211753853597733,-0.396830533481451,
169,2.4911624533406314,-1.3827129066847308,-0.40325352725312924,
170,2.5505252916557644,-1.5410759012380146,-0.4096704531139154,
171,2.6101670096636274,-1.6958026353612454,-0.4160786226840556,
172,2.670077730879997,-1.846442567142936,-0.42247536240497796,
173,2.7302475005869282,-1.9925575994006808,-0.4288580135293521,
174,2.7906662871654158,-2.133723289359158,-0.43522393211616334,
175,2.8513239834422954,-2.2695300123607276,-0.44157048903033214,
176,2.9122104080511617,-2.399584077077067,-0.4478950699464088,
177,2.9733153068070854,-2.5235087898255664,-0.4541950753558763,
178,3.034628354094907,-2.6409454657331914,-0.4604679205775941,
179,3.096139154270887,-2.7515543846321933,-0.4667110357709189,
180,3.157837243077498,-2.8550156897173347,-0.47292186595103664,
181,3.2197120890711273,-2.9510302271413305,-0.47909787100604445,
182,3.281753095062484,-3.0393203248753515,-0.48523652571531817,
183,3.34394959956948,-3.1196305093128456,-0.49133531976870304,
184,3.4062908782823706,-3.1917281582486403,-0.4973917577860646,
185,3.468766145540931,-3.255404089020019,-0.5034033593367343,
186,3.531364555823449,-3.3104730807526903,-0.5093676589583844,
187,3.5940752052473153,-3.3567743298113144,-0.5152822061748625,
188,3.6568871330809865,-3.394171837711924,-0.5211445655125135,
189,3.7197893232670998,-3.4225547309113593,-0.5269523165145139,
190,3.782770705956519,-3.441837512046729,-0.5327030537527357,
191,3.8458201590530896,-3.4519602423556073,-0.5383943868366543,
192,3.908926509768874,-3.4528886551648745,-0.5440239404188053,
193,3.9720785361896516,-3.4446142004924916,-0.5495893541962897,
194,4.035264968850455,-3.4271540209619573,-0.5550882829078163,
195,4.098474492320913,-3.400550859383309,-0.5605183963257596,
196,4.1616957468001905,-3.3648728985071243,-0.5658773792427035,
197,4.224917329721276,-3.3202135336087903,-0.5711629314519238,
198,4.288127797364413,-3.266691078709096,-0.5763727677212511,
199,4.351315666479438,-3.204448407383637,-0.5815046177597419,
200,4.41446941591679,-3.1336525292575477,-0.5865562261765638,
201,4.477577488266979,-3.0544941034232194,-0.5915253524314873,
202,4.540628291508271,-2.9671868901568392,-0.5964097707763534,
203,4.603610200662369,-2.8719671424446602,-0.6012072701868634,
204,4.666511559457859,-2.769092938961288,-0.6059156542840163,
205,4.729320682001173,-2.6588434602701727,-0.6105327412444895,
206,4.792025854454874,-2.5415182101405405,-0.6150563636992313,
207,4.854615336722986,-2.4174361839946883,-0.6194843686195035,
208,4.917077364143179,-2.2869349866153255,-0.6238146171895765,
209,4.979400149185538,-2.150369901353545,-0.6280449846652467,
210,5.041571883157713,-2.0081129131845974,-0.6321733602173014,
211,5.1035807379162,-1.860551688059873,-0.6361976467590191,
212,5.165414867583512,-1.7080885111003397,-0.6401157607567439,
213,5.22706241027102,-1.5511391862673998,-0.6439256320225232,
214,5.288511489807222,-1.3901319002335115,-0.6476252034877451,
215,5.349750217471197,-1.2255060532547288,-0.6512124309566542,
216,5.41076669373101,-1.0577110599220223,-0.6546852828385585,
217,5.471549009986839,-0.8872051227369095,-0.6580417398574774,
218,5.532085250318572,-0.7144539815195358,-0.661279794737901,
219,5.592363493237639,-0.5399296417136499,-0.6643974518652586,
220,5.652371813442856,-0.36410908470326586,-0.6673927269196006,
221,5.712098283580009,-0.1874729632995499,-0.6702636464809131,
222,5.771530976004973,-0.010504285593436136,-0.6730082476043756,
223,5.830657964550094,0.1663129095996694,-0.6756245773637705,
224,5.889467326293624,0.34249488245289006,-0.6781106923611293,
225,5.947947143331934,0.517559523731438,-0.6804646582005756,
226,6.006085504554299,0.6910276850088327,-0.6826845489241837,
227,6.06387050741998,0.862424504214363,-0.6847684464075228,
228,6.1212902597373855,1.0312807232330317,-0.6867144397123882,
229,6.178332881445053,1.1971339942883903,-0.6885206243940497,
230,6.234986506394221,1.3595301718538573,-0.6901851017601446,
231,6.291239284132738,1.5180245868583708,-0.6917059780781373,
232,6.347079381690071,1.672183299977729,-0.693081363728035,
233,6.402494985363164,1.821584330831621,-0.6943093722967955,
234,6.457474302502918,1.965818859937968,-0.6953881196105915,
235,6.512005563301021,2.1044924003085126,-0.6963157227007933,
236,6.566077022576916,2.237225935601016,-0.6970902986992034,
237,6.619676961564638,2.3636570217720605,-0.6977099636577175,
238,6.672793689699287,2.4834408491985234,-0.6981728312871933,
239,6.725415546402899,2.5962512622530847,-0.6984770116098702,
240,6.777530902869445,2.701781733329659,-0.6986206095192152,
241,6.82912816384875,2.7997462883185085,-0.6986017232405413,
242,6.880195769429063,2.8898803805313777,-0.6984184426851714,
243,6.930722196818031,2.9719417100805354,-0.6980688476902855,
244,6.980695962121854,3.0457109857321165,-0.697551006135888,
245,7.030105622122362,3.110992626298717,-0.6968629719295565,
246,7.078939776051767,3.1676153987267597,-0.6960027828487783,
247,7.127187067364857,3.2154329901914322,-0.6949684582297287,
248,7.1748361855083855,3.2543245117553106,-0.6937579964902922,
249,7.221875867687407,3.2841949314887824,-0.6923693724739545,
250,7.2682949006283195,3.304975435391789,-0.6908005345998913,
251,7.314082122338375,3.3166237149800653,-0.6890494018031252,
252,7.3592264238614105,3.31912418096662,-0.6871138602469959,
253,7.403716751029555,3.312488103022499,-0.6849917597883801,
254,7.447542106210681,3.2967536760694647,-0.6826809101740576,
255,7.490691550051342,3.2719860138714556,-0.6801790769443433,
256,7.533154203214978,3.238277070799472,-0.6774839770175367,
257,7.574919248115121,3.195745492527235,-0.6745932739258533,
258,7.615975930643387,3.144536396096365,-0.6715045726702435,
259,7.656313561891994,3.0848210793352084,-0.6682154141578168,
260,7.695921519870581,3.0167966591184565,-0.6647232691814167,
261,7.734789251217075,2.940685637517493,-0.6610255318961499,
262,7.772906272902389,2.8567353946004177,-0.6571195127422815,
263,7.810262173928686,2.765217606550644,-0.6530024307577553,
264,7.8468466170210025,2.6664275878964663,-0.6486714052165706,
265,7.882649340311962,2.56068355695675,-0.6441234465211906,
266,7.9176601590193805,2.448325824057544,-0.6393554462679024,
267,7.951868967116489,2.3297159025982026,-0.6343641663933939,
268,7.9852657389945785,2.2052355435821633,-0.6291462272985012,
269,8.017840531117798,2.0752856947300002,-0.6236980948308283,
270,8.049583483669903,1.940285385729805,-0.6180160659913806,
271,8.0804848221927,1.8006705415402866,-0.6120962532110658,
272,8.110534859215974,1.6568927259460675,-0.6059345670203632,
273,8.139723995878656,1.5094178177836832,-0.5995266969090247,
274,8.168042723541005,1.3587246224247909,-0.5928680901415505,
275,8.195481625387583,1.2053034212370035,-0.5859539282574361,
276,8.222031378020787,1.049654461855972,-0.5787791009416197,
277,8.24768275304472,0.8922863922060901,-0.5713381768987075,
278,8.272426618639157,0.7337146413102718,-0.5636253713025878,
279,8.296253941123425,0.5744597500358684,-0.5556345093186632,
280,8.31915578650991,0.41504565503800095,-0.5473589851062503,
281,8.341123322047036,0.2559979292833221,-0.5387917156000449,
282,8.36214781775144,0.09784198266799962,-0.5299250882372633,
283,8.382220647929168,-0.05889877361724599,-0.5207509016351475,
284,8.401333292685633,-0.21370479517607915,-0.5112602980242387,
285,8.41947733942415,-0.36606230099604,-0.5014436859961021,
286,8.43664448433282,-0.5154651944239017,-0.4912906518168779,
287,8.452826533859545,-0.6614170042424123,-0.48078985717273814,
288,8.468015406174958,-0.8034328413860805,-0.46992892072695513,
289,8.482203132623075,-0.9410413666440263,-0.45869428024982384,
290,8.495381859159435,-1.073786764496894,-0.44707103129021014,
291,8.507543847776533,-1.2012307180168558,-0.43504273733376064,
292,8.518681477916331,-1.3229543795227514,-0.42259120505889164,
293,8.52878724786965,-1.4385603314207354,-0.40969621654767385,
294,8.537853776162224,-1.5476745313689042,-0.396335207980028,
295,8.545873802927229,-1.6499482355752304,-0.3824828812163339,
296,8.552840191264062,-1.7450598936631672,-0.368110730439476,
297,8.558745928583201,-1.8327170081089952,-0.3531864602230235,
298,8.563584127936922,-1.9126579507576265,-0.3376732633430272,
299,8.56734802933568,-1.9846537283458952,-0.32152891535739053,
300,8.570031001049966,-2.0485096882894176,-0.30470462694925327,
301,8.571626540897444,-2.104067155203747,-0.28714357204776325,
302,8.572128277515173,-2.151204987714139,-0.26877897652446586,
303,8.57152997161672,-2.1898410440407794,-0.24953160415983414,
304,8.569825517233982,-2.219933543606749,-0.2293064076382422,
305,8.56700894294353,-2.241482310484038,-0.20798801751433735,
306,8.563074413077285,-2.2545298828498046,-0.18543462783082848,
307,8.558016228917333,-2.259162470756662,-0.1614697642743342,
308,8.551828829874731,-2.255510742420767,-0.1358716768901435,
309,8.54450679465208,-2.24375041690624,-0.10836192258221455,
310,8.536044842389718,-2.22410263855919,-0.0786036376092955,
311,8.526437833795347,-2.1968341058721053,-0.04626370792378918,
312,8.51568077225692,-2.162256924729669,-0.011431862821419198,
313,8.503768804938604,-2.1207281533403415,0.022884862324113818,
314,8.490697223859682,-2.072649003798537,0.04156375058951008,
315,8.47646146695618,-2.0184636634333826,0.032411357617039754,
316,8.461057119125094,-1.958657698259608,0.010711830704452658,
317,8.444479913251019,-1.89375600143745,-0.013209807835726721,
318,8.42672573121505,-1.8243202522680773,-0.03668264569672254,
319,8.407790604885768,-1.7509458566031197,-0.05906554818311732,
320,8.387670717092158,-1.6742583484274038,-0.0802452694231472,
321,8.366362402578321,-1.594909245634506,-0.10025862852369097,
322,8.343862148939802,-1.513571371511183,-0.1191834774417163,
323,8.3201665975414,-1.4309336779780963,-0.1371040808800494,
324,8.295272544416296,-1.3476956378892309,-0.1540999257702673,
325,8.269176941146368,-1.2645613122465797,-0.17024255591841014,
326,8.241876895723529,-1.1822332446117183,-0.18559525144036987,
327,8.213369673391965,-1.1014063902000057,-0.20021367909026566,
328,8.18365269747111,-1.0227623531173393,-0.21414680871833897,
329,8.15272355015925,-0.9469642864789759,-0.22743783169901305,
330,8.120579973317575,-0.874652916507805,-0.24012498989137548,
331,8.087219869234602,,-0.25224229219292676,
332,8.052641301370778,,-0.2638201221136445,
333,8.016842495083187,,-0.27488574881096317,
334,7.979821838330198,,-0.28546375594531165,
335,7.941577882355942,,-0.2955764018814361,
336,7.902109342354499,,-0.3052439230175653,
337,7.861415098113675,,-0.31448479013904623,
338,7.819494194638241,,-0.32331592596131836,
339,7.776345842752538,,-0.33175289054100815,
340,7.731969419682314,,-0.33981004000025944,
341,7.6863644696157065,,-0.34750066300256505,
342,7.639530704243244,,-0.35483709860354384,
343,7.591468003276769,,-0.3618308384430335,
344,7.542176414947186,,-0.3684926157153195,
345,7.491656156480928,,-0.37483248292702365,
346,7.43990761455504,,-0.38085988010656024,
347,7.386931345730801,,-0.38658369484865085,
348,7.332728076865778,,-0.39201231534905606,
349,7.277298705504227,,-0.39715367739804697,
350,7.220644300245754,,-0.4020153061479771,
351,7.162766101092159,,-0.4066043533441174,
352,7.103665519772372,,-0.4109276306035111,
353,7.043344140045405,,-0.4149916392398888,
354,6.981803717981245,,-0.4188025970603672,
355,6.919046182219621,,-0.4223664624991271,
356,6.855073634206562,,-0.42568895640239934,
357,6.789888348408685,,-0.42877558173619845,
358,6.7234927725051525,,-0.43163164145194405,
359,6.655889527557225,,-0.4342622547142832,
360,6.58708140815536,,-0.4366723716691646,
361,6.517071382543797,,-0.4388667869077656,
362,6.445862592722572,,-0.44085015176262454,
363,6.3734583545269095,,-0.4426269855557778,
364,6.29986215768395,,-0.4442016859044225,
365,6.225077665846763,,-0.4455785381772795,
366,6.149108716605596,,-0.4467617241841194,
367,6.071959321476334,,-0.4477553301716038,
368,5.993633665866117,,-0.4485633541904759,
369,5.914136109016091,,-0.4491897128920406,
370,5.833471183921261,,-0.4496382478056612,
371,5.751643597227403,,-0.44991273114354213,
372,5.6686582291050325,,-0.4500168711742709,
373,5.584520133100382,,-0.4499543172023551,
374,5.499234535963386,,-0.44972866418725305,
375,5.4128068374526475,,-0.4493434570320839,
376,5.3252426101173675,,-0.4488021945692646,
377,5.236547599056236,,-0.44810833326770994,
378,5.146727721653266,,-0.4472652906839054,
379,5.055789067290578,,-0.44627644867708965,
380,4.963737897038108,,-0.44514515640692653,
381,4.870580643320263,,-0.4438747331303888,
382,4.776323909559521,,-0.44246847081308543,
383,4.680974469796964,,-0.440929636568929,
384,4.584539268289782,,-0.4392614749408339,
385,4.487025419085727,,-0.43746721003405536,
386,4.388440205574561,,-0.43555004751279736,
387,4.288791080016492,,-0.4335131764698348,
388,4.188085663047634,,-0.43135977117809393,
389,4.086331743162503,,-0.4290929927324073,
390,3.9835372761735823,,-0.4267159905890004,
391,3.8797103846479852,,-0.4242319040096657,
392,3.7748593573212377,,-0.42164386341703214,
393,3.66899264848823,,-0.4189549916668375,
394,3.562118877371364,,-0.41616840524265286,
395,3.4542468274659397,,-0.4132872153780892,
396,3.3453854458628274,,-0.4103145291111274,
397,3.235543842548466,,-0.4072534502748593,
398,3.124731289682241,,-0.4041070804285962,
399,3.012957220851293,,-0.4008785197329964,
400,2.900231230302809,,-0.39757086777257816,
401,2.7865630721538617,,-0.39418722432871955,
402,2.671962659578845,,-0.3907306901059946,
403,2.5564400639745846,,-0.3872043674144615,
404,2.4400055141031745,,-0.38361136081029273,
405,2.322669395212623,,-0.37995477769692193,
406,2.2044422481353685,,-0.37623772888867746,
407,2.0853347683647483,,-0.3724633291386692,
408,1.9653578051094933,,-0.36863469763249923,
409,1.844522360326333,,-0.36475495844917133,
410,1.7228395877307912,,-0.3608272409903784,
411,1.60032079178626,,-0.35685468037914925,
412,1.4769774266714435,,-0.3528404178286342,
413,1.3528210952262574,,-0.3487876009815977,
414,1.2278635478762865,,-0.34469938422097013,
415,1.1021166815358934,,-0.3405789289515758,
416,0.9755925384900781,,-0.33642940385291015,
417,0.8483033052551956,,-0.3322539851025692,
418,0.7202613114186335,,-0.32805585656964703,
419,0.5914790284575612,,-0.32383820997709606,
420,0.46196906853686015,,-0.31960424503169454,
421,0.33174418328635114,,-0.31535716951987425,
422,0.20081726255743396,,-0.311100199367222,
423,0.06920133315926066,,-0.30683655865897724,
424,-0.06309044242543635,,-0.30256947961828917,
425,-0.19604476734473558,,-0.29830220253836426,
426,-0.32964821170200964,,-0.2940379756639139,
427,-0.46388721390036963,,-0.2897800550164843,
428,-0.5987480820069377,,-0.2855317041573042,
429,-0.7342169951368123,,-0.2812961938801918,
430,-0.8702800048565864,,-0.2770768018258016,
431,-1.0069230366072803,,-0.27287681200702935,
432,-1.1441318911465421,,-0.2686995142336947,
433,-1.281892246009972,,-0.26454820342264274,
434,-1.4201896569914205,,-0.26042617877709456,
435,-1.5590095596421096,,-0.25633674281637114,
436,-1.698337270788423,,-0.25228320023393536,
437,-1.8381579900682077,,-0.24826885655795555,
438,-1.9784568014854305,,-0.24429701658417385,
439,-2.119218674983025,,-0.24037098254562844,
440,-2.260428468033768,,-0.23649405197756207,
441,-2.402070927249015,,-0.23266951522844123,
442,-2.544130690005132,,-0.22890065255915595,
443,-2.686592286087445,,-0.22519073076185087,
444,-2.829440139351538,,-0.2215429992170582,
445,-2.972658569401724,,-0.21796068529236695,
446,-3.1162317932865085,,-0.21444698896714637,
447,-3.2601439272108617,,-0.2110050765450585,
448,-3.4043789882651243,,-0.20763807328824543,
449,-3.548920896170354,,-0.2043490547728818,
450,-3.6937534750399266,,-0.20114103672360661,
451,-3.838860455157206,,-0.19801696303206826,
452,-3.984225474769084,,-0.19497969159968123,
453,-4.129832081895198,,-0.19203197756309842,
454,-4.275663736152633,,-0.18917645335809952,
455,-4.421703810595906,,-0.18641560494728057,
456,-4.567935593572027,,-0.1837517433706682,
457,-4.714342290590446,,-0.18118697056479657,
458,-4.860907026207664,,-0.17872313811939236,
459,-5.007612845926314,,-0.17636179728034693,
460,-5.154442718108497,,-0.17410413803360678,
461,-5.30137953590316,,-0.17195091447561894,
462,-5.448406119187303,,-0.1699023528333604,
463,-5.595505216520803,,-0.16795803735655734,
464,-5.74265950711463,,-0.1661167677440075,
465,-5.88985160281224,,-0.16437637960436233,
466,-6.037064050083929,,-0.1627335164188932,
467,-6.184279332033906,,-0.1611833371580375,
468,-6.331479870419884,,-0.15971913746706257,
469,-6.478648027684935,,-0.1583318531711655,
470,-6.625766109001411,,-0.15700940113002004,
471,-6.7728163643266655,,-0.15573579150829034,
472,-6.919780990470371,,-0.15448991276443647,
473,-7.06664213317318,,-0.15324383814312018,
474,-7.213381889196505,,-0.1519604158616856,
475,-7.35998230842317,,-0.15058975776454533,
476,-7.5064253959687,,-0.1490639810009247,
477,-7.652693114303,,-0.1472890785233013,
478,-7.798767385382195,,-0.1451318703753271,
479,-7.944630092790367,,-0.1423981040114476,
480,-8.090263083890951,,-0.1387936772098054,
481,-8.235648171987558,,-0.1338513772837288,
482,-8.38076713849394,,-0.12678122725254706,
483,-8.525601735112886,,-0.11613621786796605,
484,-8.67013368602376,,-0.09900898152844534,
485,-8.814344690078464,,-0.06938809655687678,
486,-8.958216423005533,,-0.021224253561465144,
487,-9.101730539622137,,0.031832981882977236,
488,-9.244868676053715,,0.07462710467443472,
489,-9.38761245196098,,0.10818141586975152,
490,-9.529943472774052,,0.13558250640931027,
491,-9.671843331933436,,0.15881228548805296,
492,-9.813293613137597,,0.1790712455648045,
493,-9.954275892596854,,0.19711912626695932,
494,-10.094771741293346,,0.21346196182045893,
495,-10.234762727246785,,0.22845213872198686,
496,-10.374230417785743,,0.2423442313469868,
497,-10.513156381824187,,0.25532777565970305,
498,-10.651522192143016,,0.2675474313514493,
499,-10.789309427676306,,0.2791159073183343,
500,-10.926499675802006,,0.29012254862953185,
501,-11.063074534636803,,0.3006392197621286,
502,-11.199015615334885,,0.31072444467721216,
503,-11.33430454439034,,0.3204263890566026,
504,-11.468922965942891,,0.32978505304325634,
505,-11.60285254408671,,0.33883391301072435,
506,-11.736074965182025,,0.3476011708061806,
507,-11.868571940169248,,0.3561107181403979,
508,-12.00032520688534,,0.3643828908072721,
509,-12.131316532382135,,0.37243506549719163,
510,-12.261527715246348,,0.38028213711099756,
511,-12.390940587920976,,0.3879369042243392,
512,-12.51953701902782,,0.3954103831524124,
513,-12.647298915690842,,0.4027120659335417,
514,-12.774208225860075,,0.4098501338410978,
515,-12.900246940635812,,0.4168316353176585,
516,-13.025397096592766,,0.42366263521321407,
517,-13.149640778103945,,0.4303483407017829,
518,-13.27296011966395,,0.43689320810980575,
519,-13.39533730821139,,0.44330103401775134,
520,-13.516754585450172,,0.44957503332406734,
521,-13.637194250169332,,0.455717906437889,
522,-13.756638660561158,,0.46173189735729914,
523,-13.875070236537308,,0.46761884406657034,
524,-13.992471462042623,,0.4733802224287775,
525,-14.108824887366376,,0.4790171845444984,
526,-14.22411313145065,,0.4845305923817412,
527,-14.338318884195557,,0.48992104734814707,
528,-14.451424908761036,,0.49518891636732654,
529,-14.563414043864912,,0.5003343549318009,
530,-14.67426920607695,,0.5053573275314794,
531,-14.783973392108617,,0.5102576257958067,
532,-14.892509681098254,,0.515034884637225,
533,-14.999861236891377,,0.5196885966414799,
534,-15.106011310315832,,0.5242181249150202,
535,-15.2109432414515,,0.5286227145700693,
536,-15.314640461894275,,0.5329015030028929,
537,-15.417086497014038,,0.5370535290995471,
538,-15.518264968206324,,0.5410777414853258,
539,-15.618159595137408,,0.5449730059186934,
540,-15.716754197982528,,0.5487381119172662,
541,-15.81403269965695,,0.5523717786920332,
542,-15.909979128039605,,0.5558726604561832,
543,-16.004577618189007,,0.5592393511663991,
544,-16.097812414551154,,0.5624703887470811,
545,-16.189667873159177,,0.5655642588414947,
546,-16.28012846382439,,0.5685193981281759,
547,-16.369178772318513,,0.5713341972359345,
548,-16.456803502546766,,0.5740070032863843,
549,-16.542987478711552,,0.5765361220889994,
550,-16.627715647466452,,0.5789198200101888,
551,-16.710973080060263,,0.5811563255347237,
552,-16.792744974470786,,0.583243830534993,
553,-16.8730166575281,,0.5851804912609566,
554,-16.951773587027038,,0.5869644290612719,
555,-17.02900135382859,,0.5885937308438459,
556,-17.104685683949967,,0.5900664492819921,
557,-17.178812440643043,,0.5913806027704046,
558,-17.251367626460905,,0.5925341751332919,
559,-17.32233738531224,,0.5935251150852008,
560,-17.391708004503297,,0.5943513354432944,
561,-17.459465916767126,,0.5950107120881027,
562,-17.52559770227988,,0.5955010826680148,
563,-17.59009009066385,,0.5958202450410169,
564,-17.652929962976994,,0.5959659554453682,
565,-17.714104353688736,,0.5959359263890299,
566,-17.773600452641684,,0.5957278242457014,
567,-17.83140560699908,,0.5953392665432361,
568,-17.887507323177694,,0.59476781892799,
569,-17.941893268765895,,0.5940109917862562,
570,-17.994551274426655,,0.593066236501333,
571,-18.04546933578521,,0.5919309413219117,
572,-18.09463561530115,,0.5906024268143044,
573,-18.142038444124662,,0.5890779408675216,
574,-18.18766632393667,,0.5873546532162665,
575,-18.231507928772658,,0.5854296494424844,
576,-18.273552106829857,,0.5832999244110962,
577,-18.31378788225764,,0.5809623750898438,
578,-18.352204456930785,,0.578413792696689,
579,-18.388791212205433,,0.5756508541107636,
580,-18.42353771065746,,0.5726701124743293,
581,-18.45643369780303,,0.569467986903368,
582,-18.487469103801093,,0.566040751213049,
583,-18.516634045137597,,0.5623845215511575,
584,-18.543918826291154,,0.5584952428172711,
585,-18.569313941379953,,0.5543686737276686,
586,-18.59281007578967,,0.550000370365168,
587,-18.614398107782158,,0.5453856680287655,
588,-18.63406911008466,,0.5405196611693831,
589,-18.651814351459375,,0.5353971811644084,
590,-18.66762529825308,,0.5300127716439804,
591,-18.681493615926644,,0.5243606610348787,
592,-18.693411170564193,,0.5184347319318197,
593,-18.703370030361686,,0.5122284868389889,
594,-18.711362467094727,,0.505735009744251,
595,-18.717380957565364,,0.49894692289155174,
596,-18.721418185027687,,0.49185633799958034,
597,-18.72346704059199,,0.48445480103169036,
598,-18.723520624607325,,0.47673322944684965,
599,-18.72157224802219,,0.4686818406455041,
600,-18.717615433723214,,0.4602900700566384,
601,-18.71164391785158,,0.45154647697845013,
602,-18.703651651097,,0.4424386358656667,
603,-18.69363279996911,,0.4329530102259102,
604,-18.681581748045954,,0.42307480561101185,
605,-18.66749309719953,,0.41278779731969706,
606,-18.65136166879806,,0.402074127300942,
607,-18.63318250488492,,0.3909140632728114,
608,-18.612950869333954,,0.3792857111238786,
609,-18.590662248981033,,0.36716466906476924,
610,-18.566312354731693,,0.3545236084893454,
611,-18.539897122644632,,0.3413317617150869,
612,-18.511412714990925,,0.32755429014952436,
613,-18.48085552128878,,0.3131514971504858,
614,-18.448222159313662,,0.29807783666367516,
615,-18.413509476083608,,0.28228064971294026,
616,-18.376714548819596,,0.2656985330033356,
617,-18.337834685880786,,0.24825920259921033,
618,-18.296867427674474,,0.2298766535327399,
619,-18.253810547540617,,0.21044732202184327,
620,-18.208662052610773,,0.18984481457960967,
621,-18.161420184641294,,0.16791255966033444,
622,-18.11208342082064,,0.1444534664699123,
623,-18.060650474550656,,0.1192154881745619,
624,-18.00712029620169,,0.09187275129126284,
625,-17.95149207384139,,0.0620082032274461,
626,-17.89376523393705,,0.029141355925736162,
627,-17.833939442031408,,-0.0069149786738169974,
628,-17.772014603391696,,-0.04332134496651623,
629,-17.707990863631885,,-0.06145016905629107,
630,-17.64186860930795,,-0.04780217496768068,
631,-17.573648468486066,,-0.022826335660290804,
632,-17.503331311283617,,0.0031494428458250408,
633,-17.430918250382863,,0.02798531957468657,
634,-17.356410641517204,,0.05129919119724628,
635,-17.279810083929902,,0.07310875945875117,
636,-17.20111842080517,,0.0935251057123731,
637,-17.1203377396715,,0.11267255345736626,
638,-17.03747037277717,,0.13066675166785252,
639,-16.952518897437816,,0.14760965790811637,
640,-16.865486136355926,,0.16358964886640293,
641,-16.776375157912273,,0.17868307006644824,
642,-16.685189276429096,,0.19295602060130218,
643,-16.591932052405,,0.2064659931311408,
644,-16.49660729272148,,0.21926327362313588,
645,-16.399219050821007,,0.2313921020563001,
646,-16.299771626856547,,0.24289162463349429,
647,-16.198269567812535,,0.25379667313616633,
648,-16.094717667597145,,0.26413840399022953,
649,-15.989120967105839,,0.2739448243947565,
650,-15.881484754256133,,0.28324122766714527,
651,-15.771814563993509,,0.29205055546355835,
652,-15.66011617826841,,0.30039370086457434,
653,-15.5463956259843,,0.30828976339958625,
654,-15.430659182916697,,0.31575626479286023,
655,-15.312913371603182,,0.3228093324230343,
656,-15.193164961204289,,0.32946385608757267,
657,-15.07142096733529,,0.33573362256653544,
658,-14.947688651868802,,0.3416314316171588,
659,-14.821975522708199,,0.34716919634901466,
660,-14.69428933353181,,0.35235803038814373,
661,-14.564638083507859,,0.35720832380630935,
662,-14.43303001698014,,0.36172980944447314,
663,-14.2994736231244,,0.3659316209793732,
664,-14.163977635575424,,0.3698223438545202,
665,-14.026551032024802,,0.3734100600110474,
666,-13.887203033789381,,0.3767023872011196,
667,-13.745943105350385,,0.37970651354034096,
668,-13.602780953863208,,0.3824292278505511,
669,-13.457726528637892,,0.3848769462564002,
670,-13.310790020590268,,0.3870557354248274,
671,-13.161981861663813,,0.38897133277338036,
672,-13.011312724222186,,0.3906291639190408,
673,-12.858793520412501,,0.3920343575921121,
674,-12.704435401499332,,0.3931917581983173,
675,-12.54824975716948,,0.39410593617533085,
676,-12.390248214807533,,0.39478119625648334,
677,-12.230442638742247,,0.3952215837234272,
678,-12.068845129463764,,0.3954308887003145,
679,-11.905468022811743,,0.3954126485137667,
680,-11.740323889134402,,0.3951701481148842,
681,-11.573425532418545,,0.394706418531034,
682,-11.4047859893906,,0.3940242332854151,
683,-11.234418528588735,,0.3931261026906381,
684,-11.062336649406102,,0.39201426588786215,
685,-10.888554081105255,,0.39069068046439287,
686,-10.71308478180382,,0.3891570094388467,
687,-10.535942937431471,,0.3874146053525887,
688,-10.357142960658283,,0.38546449114739156,
689,-10.176699489794531,,0.38330733743996737,
690,-9.994627387662018,,0.3809434357214829,
691,-9.810941740436991,,0.378372666910955,
692,-9.625657856464763,,0.37559446457118645,
693,-9.438791265046069,,0.37260777194905803,
694,-9.250357715195314,,0.3694109918213113,
695,-9.060373174370744,,0.36600192790302405,
696,-8.868853827176672,,0.36237771629640914,
697,-8.675816074037842,,0.3585347451059459,
698,-8.481276529846037,,0.35446855990022724,
699,-8.28525202257904,,0.3501737521316558,
700,-8.087759591892057,,0.3456438268918789,
701,-7.888816487681696,,0.3408710454280456,
702,-7.68844016862265,,0.3358462365952522,
703,-7.486648300677176,,0.330558569765007,
704,-7.283458755577503,,0.32499527949290274,
705,-7.078889609281297,,0.31914132924653804,
706,-6.872959140400303,,0.3129789973780833,
707,-6.665685828602306,,0.30648736280480265,
708,-6.45708835298654,,0.29964165979324675,
709,-6.247185590432691,,0.2924124596838472,
710,-6.035996613923622,,0.2847646205401038,
711,-5.823540690841985,,0.2766559206605017,
712,-5.609837281240851,,0.26803525387095506,
713,-5.394906036088521,,0.2588402054263208,
714,-5.1787667954876735,,0.2489937330744964,
715,-4.961439586868991,,0.23839952293371844,
716,-4.742944623159454,,0.22693532673892355,
717,-4.523302300925441,,0.21444312309507968,
718,-4.3025331984908215,,0.20071409183858813,
719,-4.080658074030199,,0.18546474293537343,
720,-3.857697863637494,,0.16829718571110988,
721,-3.6336736793700215,,0.14862929151640955,
722,-3.408606807268274,,0.1255641319533327,
723,-3.1825187053515624,,0.09763136732421757,
724,-2.955431001589726,,0.06228244372449545,
725,-2.727365491851086,,0.015528929965104826,
726,-2.4983441378268414,,-0.03985084820868213,
727,-2.2683890649321063,,-0.07897159931463565,
728,-2.0375225601837794,,-0.09702010560947494,
729,-1.805767070055454,,-0.10469732242879809,
730,-1.5731451983095706,,-0.10732713981738666,
731,-1.3396797038070205,,-0.10723393578030557,
732,-1.1053934982944127,,-0.10555623846502071,
733,-0.8703096441692131,,-0.102913576957616,
734,-0.6344513522229787,,-0.09967075601147668,
735,-0.39784197936290133,,-0.09605544916820513,
736,-0.1605050263118857,,-0.09221597736065437,
737,0.07753586471261426,,-0.08825205641183219,
738,0.31625691234077213,,-0.08423224453034375,
739,0.5556341984133485,,-0.08020437399458036,
740,0.7956436703651999,,-0.07620206315371127,
741,1.036261143629101,,-0.07224893097205233,
742,1.2774623040596398,,-0.06836140929798497,
743,1.5192227103769476,,-0.06455066911522298,
744,1.7615177966300146,,-0.060823970015007355,
745,2.004322874679349,,-0.05718562432231198,
746,2.2476131366987278,,-0.05363769784653765,
747,2.4913636576957843,,-0.050180526970175804,
748,2.735549398051185,,-0.04681310536175971,
749,2.980145206076132,,-0.04353337666013947,
750,3.2251258205879316,,-0.040338458377305535,
751,3.4704658735033727,,-0.03722481484787066,
752,3.7161398924496427,,-0.03418839200475209,
753,3.9621223033925186,,-0.031224723268999534,
754,4.208387433281562,,-0.028329013391232866,
755,4.454909512712045,,-0.025496205339434325,
756,4.701662678603339,,-0.022721034073698142,
757,4.9486209768934755,,-0.019998070136569998,
758,5.195758365249621,,-0.01732175531860346,
759,5.443048715794162,,-0.01468643216463818,
760,5.690465817846133,,-0.012086368719823205,
761,5.9379833806776965,,-0.009515779642500104,
762,6.185575036285387,,-0.006968844610449469,
763,6.433214342175826,,-0.004439724801301618,
764,6.68087478416562,,-0.001922578125676003,
765,6.928529779195149,,0.0005884261749435848,
766,7.176152678155944,,0.00309909298944681,
767,7.423716768731357,,0.005615186289144328,
768,7.671195278250225,,0.008142412982851965,
769,7.918561376553218,,0.010686405039214218,
770,8.165788178871589,,0.013252699160610153,
771,8.41284874871798,,0.015846713175638266,
772,8.659716100789028,,0.018473718153740402,
773,8.906363203879405,,0.021138805023526847,
774,9.152762983807024,,0.02384684417807597,
775,9.398888326349088,,0.026602436150838526,
776,9.64471208018864,,0.02940985090927669,
777,9.890207059871337,,0.032272952589399086,
778,10.1353460487721,,0.035195105510092195,
779,10.38010180207133,,0.03817905595561813,
780,10.624447049740379,,0.04122678234161265,
781,10.868354499535926,,0.044339303750690784,
782,11.111796840002956,,0.04751643308322087,
783,11.354746743486016,,0.05075645566778122,
784,11.597176869148395,,0.054055706248627315,
785,11.839059865998935,,0.05740800542082561,
786,12.080368375926113,,0.060803898522474434,
787,12.32107503673907,,0.06422961183967267,
788,12.56115248521526,,0.06766559599303336,
789,12.800573360154388,,0.07108445246238616,
790,13.03931030543828,,0.07444791389340988,
791,13.277335973096365,,0.07770232863438227,
792,13.514623026376434,,0.08077169682868293,
793,13.75114414282032,,0.0835465315032078,
794,13.986872017344169,,0.08586524780931212,
795,14.22177936532297,,0.0874813825152232,
796,14.455838925678975,,0.08800198775170111,
797,14.689023463973692,,0.08676214662207257,
798,14.92130577550309,,0.08254264361379651,
799,15.15265868839567,,0.07285849619148665,
800,15.383055066713082,,0.0520714981802833,
801,15.61246781355289,,0.009890873086041058,
802,15.840869874153192,,-0.04520351448214211,
803,16.068234238998713,,-0.08915782215747028,
804,16.294533946928013,,-0.1210018568430079,
805,16.51974208824151,,-0.14498648095360095,
806,16.743831807809904,,-0.16377133481960376,
807,16.96677630818269,,-0.17889888193674217,
808,17.1885488526964,,-0.1913140380060478,
809,17.40912276858221,,-0.2016312582744883,
810,17.628471450072592,,-0.2102705166815054,
811,17.846568361506595,,-0.2175305308264452,
812,18.06338704043348,,-0.22363062573714965,
813,18.27890110071428,,-0.22873597616232344,
814,18.493084235620987,,-0.2329735354354836,
815,18.705910220932985,,-0.23644248344922347,
816,18.917352918030364,,-0.23922130913399237,
817,19.127386276983795,,-0.24137274896598915,
818,19.335984339640564,,-0.24294731529810362,
819,19.54312124270646,,-0.24398587083800352,
820,19.748771220823098,,-0.24452154180897143,
821,19.952908609640417,,-0.2445811624315388,
822,20.155507848883865,,-0.24418638063596992,
823,20.35654348541605,,-0.24335451448944012,
824,20.555990176292408,,-0.24209922215221893,
825,20.75382269181057,,-0.24043103020751402,
826,20.950015918553063,,-0.23835775286736777,
827,21.144544862423015,,-0.2358848259301754,
828,21.337384651672448,,-0.23301557323824795,
829,21.52851053992288,,-0.22975141896811713,
830,21.71789790917782,,-0.22609205586205489,
831,21.905522272826847,,-0.22203557712873176,
832,22.091359278640873,,-0.21757857796911187,
833,22.27538471175829,,-0.21271623136173196,
834,22.4575744976616,,-0.20744234176393023,
835,22.637904705144212,,-0.20174937968674345,
836,22.816351549267022,,-0.19562849964855322,
837,22.99289139430445,,-0.18906954380574487,
838,23.167500756679583,,-0.18206103363461898,
839,23.340156307888048,,-0.17459015248549234,
840,23.510834877410293,,-0.1666427228128668,
841,23.67951345561192,,-0.1582031836969337,
842,23.84616919663173,,-0.14925457741986714,
843,24.01077942125709,,-0.1397785592350755,
844,24.17332161978635,,-0.12975545365172333,
845,24.3337734548779,,-0.119164396431396,
846,24.49211276438556,,-0.10798362945017252,
847,24.64831756417994,,-0.09619106604053934,
848,24.802366050955445,,-0.08376533831566615,
849,24.95423660502256,,-0.07068771915435863,
850,25.103907793085117,,-0.0569456766846872,
851,25.251358371002148,,-0.04253959433226823,
852,25.396567286534037,,-0.027495941286766988,
853,25.53951368207261,,-0.011894447665417335,
854,25.680176897354837,,0.004071749129618361,
855,25.818536472159806,,0.01994986677273526,
856,25.954572148988635,,0.03462520608474912,
857,26.088263875727005,,0.04504115744343984,
858,26.219591808289966,,0.042018611251581,
859,26.348536313248708,,0.010441290039900339,
860,26.475077970438956,,-0.036492969416004876,
861,26.59919757555067,,-0.07829212509109312,
862,26.720876142698707,,-0.11282641714755909,
863,26.84009490697418,,-0.14159029918210353,
864,26.956835326976123,,-0.16591374291014277,
865,27.071079087323188,,-0.18673311312782964,
866,27.18280810114505,,-0.20470259764461227,
867,27.292004512553188,,-0.22029074617295785,
868,27.39865069909077,,-0.23384267141190984,
869,27.50272927416127,,-0.2456190011339819,
870,27.604223089435557,,-0.25582072054966754,
871,27.703115237237153,,-0.264605470464776,
872,27.799389052905294,,-0.2720985522482482,
873,27.89302811713557,,-0.27840055819753823,
874,27.984016258297792,,-0.2835927873639158,
875,28.07233755473078,,-0.2877411677413424,
876,28.15797633701383,,-0.29089914496511904,
877,28.240917190214518,,-0.29310983857521167,
878,28.321144956112537,,-0.2944076671999763,
879,28.39864473539934,,-0.29481957990540114,
880,28.473401889853236,,-0.29436598869023206,
881,28.54540204448968,,-0.29306146854794746,
882,28.61463108968649,,-0.2909152717155198,
883,28.681075183283664,,-0.2879316886013485,
884,28.744720752657575,,-0.28411027745377926,
885,28.805554496769222,,-0.27944597679047156,
886,28.863563388186297,,-0.2739291080602988,
887,28.918734675078753,,-0.26754527030722336,
888,28.97105588318766,,-0.2602751232575602,
889,29.020514817767047,,-0.2520940498653945,
890,29.067099565498467,,-0.2429716836160799,
891,29.110798496378035,,-0.23287127961825316,
892,29.151600265575684,,-0.22174890179871645,
893,29.189493815266374,,-0.20955239212136678,
894,29.22446837643299,,-0.19622008415931408,
895,29.256513470640726,,-0.18167922933747108,
896,29.285618911782638,,-0.16584413751653118,
897,29.311774807796194,,-0.14861414116186128,
898,29.33497156235051,,-0.12987180140814683,
899,29.355199876504106,,-0.10948264891386447,
900,29.372450750332874,,-0.08730031107271348,
901,29.386715484528082,,-0.0631888957802661,
902,29.397985681964155,,-0.0371023438594416,
903,29.406253249236016,,-0.009371279081899008,
904,29.411510398165763,,0.01813971037211279,
905,29.413749647278454,,0.03712320969445428,
906,29.41296382324679,,0.027587730971284398,
907,29.409146062304494,,-0.006323183272716609,
908,29.40228981162814,,-0.04299662956333664,
909,29.39238883068726,,-0.07620800674131481,
910,29.37943719256251,,-0.10544295641433667,
911,29.363429285231685,,-0.13111564241569806,
912,29.344359812823406,,-0.15370462782815628,
913,29.32222379683826,,-0.1736135991549329,
914,29.297016577337214,,-0.19116361070572668,
915,29.268733814097136,,-0.20660754156309466,
916,29.23737148773318,,-0.22014520681966002,
917,29.20292590078793,,-0.2319353915837389,
918,29.16539367878704,,-0.24210482753579973,
919,29.124771771261305,,-0.2507547769439689,
920,29.081057452734854,,-0.2579658518168068,
921,29.03424832367943,,-0.26380154452653043,
922,28.98434231143451,,-0.2683108086606835,
923,28.93133767109313,,-0.271529925087722,
924,28.875232986353264,,-0.2734838136778211,
925,28.8160271703346,,-0.2741868976195256,
926,28.753719466360547,,-0.2736435877750878,
927,28.68830944870537,,-0.27184842368004863,
928,28.619797023306237,,-0.2687858815542381,
929,28.548182428440146,,-0.2644298347138114,
930,28.473466235365475,,-0.25874262490997246,
931,28.39564934892812,,-0.25167367088736,
932,28.31473300813206,,-0.24315749845650306,
933,28.230718786674196,,-0.2331110186267109,
934,28.143608593443417,,-0.22142979863067233,
935,28.053404672983685,,-0.20798295464747438,
936,27.960109605921105,,-0.19260613615161193,
937,27.863726309354828,,-0.1750918829087889,
938,27.7642580372117,,-0.15517653256296499,
939,27.661708380564555,,-0.13252339479918074,
940,27.556081267914045,,-0.10670554744506582,
941,27.44738096543392,,-0.07720978698019272,
942,27.335612077179675,,-0.04357557228503248,
943,27.220779545260484,,-0.006304997339451189,
944,27.102888649974307,,0.02799167216161559,
945,26.98194500990614,,0.03721521412262857,
946,26.8579545819893,,0.01794033523238488,
947,26.730923661529683,,-0.010089767538387223,
948,26.600858882192945,,-0.03835323379441581,
949,26.46776721595453,,-0.06475580223414072,
950,26.331655973012495,,-0.08886314250899696,
951,26.192532801663063,,-0.11067720075241237,
952,26.05040568813889,,-0.13031360488593857,
953,25.905282956409973,,-0.14790707696113006,
954,25.75717326794715,,-0.16358242306942086,
955,25.606085621448187,,-0.17744631710424352,
956,25.452029352526402,,-0.18958595491153826,
957,25.29501413336179,,-0.20006985776371666,
958,25.13504997231464,,-0.20894913621315048,
959,24.972147213501618,,-0.21625859539917966,
960,24.806316536334293,,-0.22201745204237366,
961,24.637568955020107,,-0.22622956864829524,
962,24.465915818025763,,-0.2288831436975446,
963,24.29136880750306,,-0.22994978307717912,
964,24.113939938677127,,-0.22938283574816198,
965,23.933641559197117,,-0.2271148068009766,
966,23.750486348449318,,-0.22305355391327975,
967,23.564487316832725,,-0.21707680760451753,
968,23.375657804997086,,-0.20902429355442748,
969,23.18401148304344,,-0.19868631129754732,
970,22.989562349687166,,-0.18578693105969685,
971,22.792324731383577,,-0.16995886272920332,
972,22.592313281416114,,-0.15070548505062886,
973,22.389542978947137,,-0.12734458595750306,
974,22.184029128031394,,-0.09893673137240248,
975,21.975787356592182,,-0.06427834476799929,
976,21.76483361536029,,-0.02261610947238874,
977,21.55118417677573,,0.020588377958724167,
978,21.33485563385238,,0.041981189094015554,
979,21.115864899005512,,0.0346629739515198,
980,20.89422920284236,,0.015408916357720865,
981,20.669966092915775,,-0.00692991333979703,
982,20.443093432440985,,-0.02936873509951919,
983,20.213629398975637,,-0.05084369362952933,
984,19.98159248306313,,-0.07094889167538745,
985,19.747001486839363,,-0.08952799296942841,
986,19.509875522602965,,-0.10652503174563771,
987,19.27023401134915,,-0.12192355884757544,
988,19.028096681267233,,-0.13571941154265263,
989,18.78348356620198,,-0.14790738297857078,
990,18.536415004078847,,-0.15847390191980243,
991,18.286911635293254,,-0.16739224805684055,
992,18.03499440106399,,-0.17461859241917138,
993,17.780684541750905,,-0.18008786633658774,
994,17.52400359513696,,-0.1837087027840889,
995,17.264973394674826,,-0.18535666650074395,
996,17.00361606769812,,-0.1848647383335869,
997,16.739954033597435,,-0.18200948596429575,
998,16.474010001961325,,-0.17649036313247832,
999,16.205806970682332,,-0.1678977752328006,
1000,15.93536822402829,,-0.155662285681037,
1001,15.662717330678978,,-0.13897181649468937,
1002,15.387878141728345,,-0.11663772634312598,
1003,15.110874788652426,,-0.08691338137141928,
1004,14.831731681243145,,-0.04759072216612944,
1005,14.550473505508151,,0.0005392929040611075,
1006,14.267125221536888,,0.038701681063933624,
1007,13.981712061333058,,0.048001783382120425,
1008,13.694259526613655,,0.039227068823556,
1009,13.404793386574791,,0.02336606507488651,
1010,13.113339675624461,,0.004986835962017096,
1011,12.819924691082468,,-0.0139981031475243,
1012,12.524574990847704,,-0.032696723641089026,
1013,12.227317391032981,,-0.05064751850055463,
1014,11.928178963567627,,-0.06758613854916773,
1015,11.62718703376804,,-0.08334223806205483,
1016,11.32436917787645,,-0.0977887932310203,
1017,11.019753220568063,,-0.11081426277330395,
1018,10.713367232426833,,-0.12230500693134486,
1019,10.405239527390094,,-0.13213193267934623,
1020,10.09539866016226,,-0.1401379188502437,
1021,9.78387342359784,,-0.14612341546088314,
1022,9.470692846053996,,-0.14982742603352384,
1023,9.155886188712902,,-0.15089991381934714,
1024,8.839482942874122,,-0.1488590331303589,
1025,8.521512827217272,,-0.14302123058821753,
1026,8.202005785035217,,-0.13238180657882684,
1027,7.880991981438051,,-0.11540630001692666,
1028,7.558501800528117,,-0.08969711389038686,
1029,7.2345658425463455,,-0.05188842079779976,
1030,6.90921492099015,,-0.001989452801146707,
1031,6.582480059703177,,0.039605919528774715,
1032,6.254392489937161,,0.0544656123810887,
1033,5.924983647386176,,0.05159290026562938,
1034,5.594285169193548,,0.04041301471462658,
1035,5.26232889093173,,0.025381137301065337,
1036,4.929146843555408,,0.008622100623922685,
1037,4.5947712503281375,,-0.008743102582404,
1038,4.259234523722805,,-0.026057588803497293,
1039,3.9225692622962,,-0.04289297387572736,
1040,3.5848082475380134,,-0.05893520706792364,
1041,3.2459844406945475,,-0.07392235816035617,
1042,2.9061309795674584,,-0.08760529632055034,
1043,2.5652811752878306,,-0.09971733255888544,
1044,2.2234685090659028,,-0.1099444585148487,
1045,1.880726628916754,,-0.11788893014588853,
1046,1.5370893463622743,,-0.12301681679978789,
1047,1.19259063310974,,-0.12457370380438441,
1048,0.8472646177073162,,-0.12143833502392887,
1049,0.5011455821768177,,-0.11185530675550047,
1050,0.1542679586240565,,-0.09295897886579418,
1051,-0.1933336741728886,,-0.06030941748671296,
1052,-0.5416245941971446,,-0.011610382571474981,
1053,-0.8905699396479192,,0.034896562429329155,
1054,-1.240134712416436,,0.05746279498354553,
1055,-1.5902837815825834,,0.06107492856822055,
1056,-1.9409818869319326,,0.05449085895729222,
1057,-2.2921936424927685,,0.04245447739346406,
1058,-2.643883540092786,,0.027434735909142582,
1059,-2.9960159529350907,,0.010830315798920208,
1060,-3.3485551391931496,,-0.0064825452222468175,
1061,-3.701465245624325,,-0.023892408252975242,
1062,-4.054710311201635,,-0.04091828940803989,
1063,-4.408254270763366,,-0.05712860207859202,
1064,-4.762060958680174,,-0.0720807988351223,
1065,-5.116094112539303,,-0.08526242641365779,
1066,-5.470317376845541,,-0.09601610357829045,
1067,-5.8246943067385475,,-0.1034233994864598,
1068,-6.179188371726162,,-0.10610087462669056,
1069,-6.533762959433322,,-0.10181436844647222,
1070,-6.888381379366208,,-0.08676952484419194,
1071,-7.2430068666912115,,-0.05505243200856601,
1072,-7.5976025860283745,,-0.005452106432378527,
1073,-7.952131635258873,,0.039437298073095775,
1074,-8.306557049346173,,0.061697394037389386,
1075,-8.660841804170467,,0.06685152777904346,
1076,-9.01494882037598,,0.06194978096893494,
1077,-9.368840967230772,,0.05107587643719123,
1078,-9.722481066498599,,0.03655307140534716,
1079,-10.07583189632247,,0.019812409193704823,
1080,-10.42885619511948,,0.001828756128169115,
1081,-10.781516665486507,,-0.016651417527784675,
1082,-11.133775978116375,,-0.034973466992270504,
1083,-11.485596775724067,,-0.05247151258695845,
1084,-11.836941676982592,,-0.06836228327014973,
1085,-12.187773280468072,,-0.08159761318969337,
1086,-12.538054168613652,,-0.09061194406140355,
1087,-12.887746911671815,,-0.09283606602474613,
1088,-13.236814071684677,,-0.08376337717139691,
1089,-13.585218206461846,,-0.05610832002014007,
1090,-13.932921873565443,,-0.007892773072587116,
1091,-14.279887634301822,,0.03779035486017651,
1092,-14.626078057719623,,0.06265989765345516,
1093,-14.97145572461368,,0.07055242942792089,
1094,-15.315983231534396,,0.06761894808203009,
1095,-15.659623194802139,,0.057762680442157106,
1096,-16.00233825452624,,0.043362365030905715,
1097,-16.344091078628164,,0.025975688322352683,
1098,-16.68484436686842,,0.006736505758908901,
1099,-17.024560854876768,,-0.013411453199216553,
1100,-17.363203318185345,,-0.033545545275096095,
1101,-17.70073457626419,,-0.05259362589636292,
1102,-18.0371174965588,,-0.06909072656637388,
1103,-18.37231499852928,,-0.08073883835942683,
1104,-18.706290057690605,,-0.08352282970981527,
1105,-19.039005709653612,,-0.07023510023322294,
1106,-19.37042505416625,,-0.0326797321521372,
1107,-19.700511259154673,,0.01721765078257112,
1108,-20.029227564763712,,0.05286170471071313,
1109,-20.356537287396314,,0.06939978569043484,
1110,-20.6824038237515,,0.07213146832677655,
1111,-21.00679065486038,,0.06553428122359348,
1112,-21.329661350119846,,0.052533872269309716,
1113,-21.650979571323408,,0.03510058442142834,
1114,-21.97070907668883,,0.014702263842367756,
1115,-22.288813724882058,,-0.007394009996183684,
1116,-22.605257479037032,,-0.02986919626696501,
1117,-22.92000441077093,,-0.05104247116201326,
1118,-23.23301870419439,,-0.06834224628946689,
1119,-23.544264659916298,,-0.0772445437406626,
1120,-23.85370669904267,,-0.06947002867766515,
1121,-24.161309367169224,,-0.035417294395593005,
1122,-24.46703733836713,,0.013468075865184607,
1123,-24.7708554191616,,0.05029252904482987,
1124,-25.072728552502763,,0.06854699208735561,
1125,-25.372621821728494,,0.07232758315995162,
1126,-25.670500454518656,,0.06575830399869768,
1127,-25.96632982684039,,0.05176581187817785,
1128,-26.260075466883972,,0.03246800377690473,
1129,-26.551703058988807,,0.009592982547665479,
1130,-26.84117844755913,,-0.015156414069131974,
1131,-27.128467640968964,,-0.03966770586455516,
1132,-27.41353681545589,,-0.06067717005106904,
1133,-27.696352319003207,,-0.07228237179013666,
1134,-27.976880675210055,,-0.06387460361085251,
1135,-28.255088587149018,,-0.027001149380189583,
1136,-28.53094294121082,,0.02027917375077542,
1137,-28.804410810935668,,0.053528324708654804,
1138,-29.075459460830768,,0.06892245672814432,
1139,-29.34405635017365,,0.07006155711058308,
1140,-29.610169136800806,,0.060543755235171436,
1141,-29.87376568088126,,0.04312826234134401,
1142,-30.134814048674585,,0.02005852768351743,
1143,-30.393282516272993,,-0.006479378673548131,
1144,-30.649139573327037,,-0.033743673857948,
1145,-30.902353926754504,,-0.0573369506059051,
1146,-31.15289450443208,,-0.06905933833889052,
1147,-31.400730458869354,,-0.05557313344404147,
1148,-31.645831170864746,,-0.014195103954218968,
1149,-31.88816625314292,,0.02983286088945339,
1150,-32.12770555397329,,0.05763020677827958,
1151,-32.3644191607692,,0.06797111557307448,
1152,-32.598277403667275,,0.06413927961462312,
1153,-32.829250859086684,,0.04938515313705182,
1154,-33.05731035326776,,0.02651451585246532,
1155,-33.28242696578963,,-0.0016664993968567923,
1156,-33.50457203306645,,-0.0315017298391709,
1157,-33.72371715182177,,-0.05683506881822398,
1158,-33.939834182540736,,-0.0661689094258568,
1159,-34.15289525289959,,-0.0450340196472831,
1160,-34.36287276117218,,-0.000754621623642121,
1161,-34.56973937961299,,0.0385531351441201,
1162,-34.77346805781637,,0.060042612247856376,
1163,-34.9740320260515,,0.06394797131465331,
1164,-35.17140479857271,,0.05335958993909112,
1165,-35.365560176904786,,0.03155448133213433,
1166,-35.55647225310288,,0.002054338264363114,
1167,-35.74411541298655,,-0.030288717667684987,
1168,-35.92846433934767,,-0.05693797690748892,
1169,-36.10949401513169,,-0.06265043961541238,
1170,-36.28717972659201,,-0.03484455990199509,
1171,-36.46149706641694,,0.009725615156257604,
1172,-36.63242193682898,,0.044077735438376585,
1173,-36.79993055265599,,0.05904628038634386,
1174,-36.96399944437386,,0.055422868305188014,
1175,-37.12460546112043,,0.03646819877603594,
1176,-37.28172577368008,,0.006430502488561432,
1177,-37.43533787743885,,-0.028369031122227016,
1178,-37.58541959530956,,-0.0564794020372918,
1179,-37.73194908062669,,-0.05909771875790762,
1180,-37.87490482001056,,-0.02711182899335756,
1181,-38.01426563620053,,0.016462934345697774,
1182,-38.150010690856824,,0.04613606428291221,
1183,-38.282119487330704,,0.05404191509284631,
1184,-38.41057187340252,,0.04125377509441964,
1185,-38.53534804398742,,0.012258871255850436,
1186,-38.656428543808325,,-0.024910311802763298,
1187,-38.77379427003581,,-0.05513596422899978,
1188,-38.8874264748946,,-0.05586133551476105,
1189,-38.99730676823637,,-0.021308769660560695,
1190,-39.103417120078404,,0.020956233807686707,
1191,-39.205739863107965,,0.04521343378740807,
1192,-39.304257695151925,,0.043402110255937695,
1193,-39.39895368161136,,0.017806046510226728,
1194,-39.48981125786085,,-0.02162133756920876,
1195,-39.57681423161211,,-0.05377165951052949,
1196,-39.659946785241694,,-0.050798433950996404,
1197,-39.73919347808243,,-0.012414973888117666,
1198,-39.8145392486783,,0.026770524511964378,
1199,-39.88596941700253,,0.03845156926659369,
1200,-39.953469686638435,,0.015415855264133537,
1201,-40.01702614692293,,-0.02801234948469235,
1202,-40.07662527505227,,-0.052690655619732546,
1203,-40.132253938149844,,-0.02782242245302138,
1204,-40.18389939529562,,0.014934306800435015,
1205,-40.231549299517106,,0.011966155559538316,
1206,-40.27519169974147,,-0.029271875493025255,
1207,-40.31481504270856,,-0.0034662071245464623,
1208,-40.350408174844596,,0.014806435465980147,
1209,-40.38196034409622,,-0.08312268947310099,
1210,-40.40946120172474,,-0.2555644611732198,
1211,-40.432900804060175,,-0.42507819726988216,
1212,-40.45226961421502,,-0.593011208555276,
1213,-40.46755850375735,,-0.7596063266105936,
1214,-40.47875875434312,,-0.9249249426996163,
1215,-40.48586205930731,,-1.0889716684119581,
1216,-40.488860525213866,,-1.2517275954910105,
1217,-40.487746673364015,,-1.4131623621416594,
1218,-40.48251344126286,,-1.5732394177091624,
1219,-40.473154184043985,,-1.7319186270571243,
1220,-40.459662675851845,,-1.8891576831724415,
1221,-40.44203311118181,,-2.0449129298083055,
1222,-40.420260106177516,,-2.199139868715542,
1223,-40.39433869988549,,-2.351793487578983,
1224,-40.36426435546668,,-2.5028284807931818,
1225,-40.330032961364886,,-2.652199403454272,
1226,-40.29164083243168,,-2.7998607822276416,
1227,-40.24908471100786,,-2.945767197505653,
1228,-40.20236176796107,,-3.0898733459364847,
1229,-40.151469603679566,,-3.232134089214683,
1230,-40.09640624902178,,-3.3725044930537766,
1231,-40.03717016622175,,-3.5109398590100165,
1232,-39.973760249749986,,-3.6473957510116266,
1233,-39.906175827129864,,-3.781828017905589,
1234,-39.83441665970921,,-3.9141928129656196,
1235,-39.758482943387044,,-4.044446611050222,
1236,-39.67837530929525,,-4.172546223920574,
1237,-39.59409482443512,,-4.298448814100152,
1238,-39.50564299226859,,-4.422111907565459,
1239,-39.41302175326403,,-4.543493405489413,
1240,-39.31623348539649,,-4.662551595208653,
1241,-39.215281004602254,,-4.779245160548317,
1242,-39.11016756518765,,-4.893533191609308,
1243,-39.00089686019192,,-5.005375194101189,
1244,-38.887473021704075,,-5.1147310982870895,
1245,-38.769900621133694,,-5.221561267593836,
1246,-38.648184669435466,,-5.325826506930338,
1247,-38.52233061728748,,-5.427488070749105,
1248,-38.392344355223116,,-5.526507670879384,
1249,-38.25823221371649,,-5.622847484155245,
1250,-38.12000096322133,,-5.7164701598577965,
1251,-37.97765781416328,,-5.807338826987389,
1252,-37.83121041688551,,-5.895417101378925,
1253,-37.68066686154761,,-5.980669092671165,
1254,-37.52603567797763,,-6.0630594111391085,
1255,-37.367325835477374,,-6.142553174396999,
1256,-37.2045467425807,,-6.219116013978272,
1257,-37.037708246764964,,-6.292714081797701,
1258,-36.866820634115435,,-6.363314056500155,
1259,-36.691894628942734,,-6.430883149699628,
1260,-36.51294139335326,,-6.495389112111613,
1261,-36.329972526772515,,-6.55680023958134,
1262,-36.14300006542142,,-6.615085379010013,
1263,-35.95203648174549,,-6.670213934180757,
1264,-35.757094683796964,,-6.722155871485708,
1265,-35.55818801456984,,-6.7708817255553955,
1266,-35.35533025128779,,-6.8163626047913315,
1267,-35.14853560464503,,-6.858570196802549,
1268,-34.93781871800014,,-6.897476773746629,
1269,-34.723194666522765,,-6.933055197575645,
1270,-34.5046789562934,,-6.9652789251873095,
1271,-34.28228752335607,,-6.994122013481503,
1272,-34.056036732724145,,-7.01955912432229,
1273,-33.825943377339165,,-7.041565529405426,
1274,-33.59202467698281,,-7.060117115031305,
1275,-33.35429827714205,,-7.075190386783253,
1276,-33.11278224782752,,-7.0867624741109765,
1277,-32.86749508234515,,-7.0948111348190075,
1278,-32.61845569602119,,-7.099314759459867,
1279,-32.36568342488061,,-7.100252375631712,
1280,-32.10919802427899,,-7.097603652180154,
1281,-31.84901966748803,,-7.091348903303948,
1282,-31.585168944234674,,-7.081469092564216,
1283,-31.317666859193974,,-7.067945836796861,
1284,-31.046534830435824,,-7.0507614099278175,
1285,-30.771794687825608,,-7.02989874669077,
1286,-30.493468671378903,,-7.005341446246978,
1287,-30.21157942957034,,-6.977073775706818,
1288,-29.92615001759671,,-6.945080673552679,
1289,-29.637203895594503,,-6.909347752962824,
1290,-29.34476492681191,,-6.869861305035839,
1291,-29.048857375735498,,-6.826608301915297,
1292,-28.749505906171674,,-6.779576399814266,
1293,-28.446735579283036,,-6.728753941939271,
1294,-28.14057185157981,,-6.674129961313379,
1295,-27.831040572866492,,-6.615694183498013,
1296,-27.51816798414387,,-6.553437029213159,
1297,-27.20198071546656,,-6.487349616855622,
1298,-26.882505783756258,,-6.4174237649149815,
1299,-26.55977059057082,,-6.343651994286923,
1300,-26.233802919829422,,-6.266027530483623,
1301,-25.90463093549392,,-6.184544305740866,
1302,-25.572283179206607,,-6.099196961021612,
1303,-25.236788567884577,,-6.00998084791569,
1304,-24.898176391270873,,-5.916892030435365,
1305,-24.55647630944262,,-5.819927286706482,
1306,-24.211718350276353,,-5.719084110554943,
1307,-23.86393290687075,,-5.61436071298825,
1308,-23.513150734926967,,-5.505756023571901,
1309,-23.159402950086825,,-5.393269691700373,
1310,-22.802721025229047,,-5.276902087762516,
1311,-22.44313678772378,,-5.156654304201132,
1312,-22.080682416645637,,-5.0325281564665465,
1313,-21.715390439945494,,-4.904526183864006,
1314,-21.347293731581306,,-4.772651650294732,
1315,-20.976425508608138,,-4.636908544890462,
1316,-20.602819328227728,,-4.497301582541365,
1317,-20.226509084797787,,-4.353836204317176,
1318,-19.84752900680132,,-4.206518577781452,
1319,-19.465913653776244,,-4.055355597198839,
1320,-19.081697913205538,,-3.900354883635264,
1321,-18.69491699736824,,-3.7415247849509767,
1322,-18.30560644015155,,-3.5788743756863797,
1323,-17.913802093824323,,-3.412413456840594,
1324,-17.519540125772245,,-3.2421525555427304,
1325,-17.12285701519499,,-3.06810292461584,
1326,-16.723789549765645,,-2.8902765420335386,
1327,-16.3223748222527,,-2.7086861102693107,
1328,-15.918650227104951,,-2.523345055538509,
1329,-15.512653456999555,,-2.3342675269330857,
1330,-15.104422499353628,,-2.1414683954491016,
1331,-14.693995632799652,,-1.9449632529070704,
1332,-14.281411423625029,,-1.7447684107652166,
1333,-13.866708722176128,,-1.5409008988257327,
1334,-13.449926659227136,,-1.3333784638341368,
1335,-13.031104642314055,,-1.1222195679718487,
1336,-12.610282352034188,,-0.9074433872421123,
1337,-12.187499738311462,,-0.6890698097494071,
1338,-11.76279701662793,,-0.4671194338725093,
1339,-11.336214664221803,,-0.24161356633136935,
1340,-10.90779341625238,,-0.012574220147995169,
1341,-10.477574261932233,,0.21997588749846286,
1342,-10.045598440626994,,0.45601333752221085,
1343,-9.61190743792315,,0.6955140112866681,
1344,-9.17654298166418,,0.9384530930654404,
1345,-8.73954703795543,,1.1848050726081565,
1346,-8.300961807138112,,1.4345437478108978,
1347,-7.860829719732792,,1.6876422274909417,
1348,-7.419193432352779,,1.9440729342655199,
1349,-6.97609582358778,,2.2038076075342836,
1350,-6.531579989858236,,2.466817306565153,
1351,-6.085689241240735,,2.733072413683211,
1352,-5.638467097264895,,3.0025426375622954,
1353,-5.189957282682135,,3.2751970166189173,
1354,-4.7402037232067356,,3.551003922508137,
1355,-4.289250541229604,,3.8299310637209993,
1356,-3.837142051505165,,4.111945489283124,
1357,-3.38392275681179,,4.397013592554033,
1358,-2.929637343586192,,4.685101115126787,
1359,-2.474330677532218,,4.976173150827477,
1360,-2.0180477992044548,,5.270194149814118,
1361,-1.5608339195670973,,5.5671279227744686,
1362,-1.1027344155285053,,5.866937645222301,
1363,-0.6437948254518921,,6.169585861891606,
1364,-0.1840608446425887,,6.4750344912282305,
1365,0.27642167918767474,,6.7832448299784325,
1366,0.7376067504790165,,7.094177557873789,
1367,1.1994482304037315,,7.407792742411935,
1368,1.6618998414682444,,7.724049843732546,
1369,2.12491517213623,,8.042907719588005,
1370,2.588447681472439,,8.364324630408147,
1371,3.0524507038067705,,8.6882582444585,
1372,3.5168774534181195,,9.014665643091384,
1373,3.9816810292375324,,9.34350332608925,
1374,4.446814419570203,,9.674727217099631,
1375,4.912230506835831,,10.008292669161035,
1376,5.377882072326865,,10.344154470319113,
1377,5.843721800984155,,10.682266849332443,
1378,6.309702286189535,,11.022583481467223,
1379,6.7757760345748395,,11.365057494380183,
1380,7.241895470846885,,11.709641474088988,
1381,7.708012942627912,,12.056287471029421,
1382,8.174080725311008,,12.404947006198597,
1383,8.640051026930008,,12.755571077383468,
1384,9.105875993043393,,13.108110165473843,
1385,9.571507711631668,,13.462514240859168,
1386,10.036898218007735,,13.818732769908266,
1387,10.501999499739759,,14.176714721531253,
1388,10.966763501586012,,14.53640857382281,
1389,11.431142130441208,,14.897762320785997,
1390,11.8950872602938,,15.260723479135796,
1391,12.358550737193744,,15.625239095181502,
1392,12.821484384230223,,15.991255751787158,
1393,13.283840006518803,,16.35871957540913,
1394,13.745569396197515,,16.727576243209974,
1395,14.206624337431354,,17.09777099024771,
1396,14.666956611424661,,17.469248616739577,
1397,15.12651800144089,,17.841953495399405,
1398,15.58526029782922,,18.21582957884767,
1399,16.043135303057497,,18.590820407093304,
1400,16.50009483675099,,18.96686911508631,
1401,16.956090740736425,,19.343918440340286,
1402,17.411074884090795,,19.72191073062382,
1403,17.864999168194366,,20.10078795171988,
1404,18.317815531787428,,20.48049169525217,
1405,18.769475956030178,,20.860963186577447,
1406,19.21993246956529,,21.242143292742888,
1407,19.669137153582565,,21.623972530507398,
1408,20.117042146885176,,22.006391074425938,
1409,20.563599650956967,,22.389338764995777,
1410,21.008761935030247,,22.772755116863703,
1411,21.452481341153597,,23.15657932709309,
1412,21.894710289259084,,23.540750283489828,
1413,22.33540128222842,,23.925206572986006,
1414,22.774506910957477,,24.309886490080345,
1415,23.211979859418637,,24.69472804533423,
1416,23.647772909720455,,25.079668973922328,
1417,24.081838947164076,,25.46464674423667,
1418,24.514130965295873,,25.849598566543094,
1419,24.94460207095579,,26.23446140168895,
1420,25.373205489320807,,26.61917196986096,
1421,25.799894568943042,,27.003666759392114,
1422,26.224622786781907,,27.38788203561644,
1423,26.647343753229798,,27.771753849770555,
1424,27.06801121713079,,28.155218047940842,
1425,27.486579070791763,,28.53821028005508,
1426,27.903001354985484,,28.920666008917394,
1427,28.317232263945034,,29.30252051928536,
1428,28.729226150349074,,29.68370892698808,
1429,29.13893753029745,,30.064166188084062,
1430,29.546321088276525,,30.44382710805773,
1431,29.951331682113743,,30.822626351053334,
1432,30.35392434792092,,31.200498449145147,
1433,30.75405430502564,,31.577377811642645,
1434,31.151676960890306,,31.95319873442955,
1435,31.546747916018273,,32.32789540933547,
1436,31.939222968846504,,32.701401933538946,
1437,32.32905812062428,,33.07365231900068,
1438,32.71620958027738,,33.44458050192571,
1439,33.10063376925719,,33.81412035225328,
1440,33.4822873263743,,34.182205683173244,
1441,33.86112711261588,,34.54877026066762,
1442,34.23711021594657,,34.913747813076206,
1443,34.61019395609207,,35.27707204068494,
1444,34.980335889305096,,35.638676625335684,
1445,35.34749381311316,,35.998495240056265,
1446,35.71162577104752,,36.356461558709505,
1447,36.07269005735295,,36.7125092656599,
1448,36.43064522167766,,37.06657206545674,
1449,36.78545007374297,,37.41858369253242,
1450,37.13706368799213,,37.76847792091458,
1451,37.485445408217785,,38.11618857395082,
1452,37.83055485216762,,38.46164953404482,
1453,38.17235191612763,,38.80479475240238,
1454,38.51079677948248,,39.145558258786274,
1455,38.845849909252514,,39.48387417127853,
1456,39.17747206460683,,39.81967670604884,
1457,39.50562430135199,,40.15290018712787,
1458,39.83026797639578,,40.48347905618412,
1459,40.151364752185586,,40.811347882303046,
1460,40.46887660112083,,41.136441371767134,
1461,40.78276580993905,,41.45869437783566,
1462,41.092994984075006,,41.778041910522816,
1463,41.39952705199242,,42.09441914637286,
1464,41.702325269487844,,42.40776143823103,
1465,42.00135322396609,,42.71800432500893,
1466,42.296574838686865,,43.02508354144302,
1467,42.58795437698199,,43.328935027844935,
1468,42.87545644644281,,43.62949493984238,
1469,43.15904600307731,,43.926699658109165,
1470,43.4386883554364,,44.22048579808319,
1471,43.71434916870897,,44.51079021967106,
1472,43.98599446878521,,44.79755003693793,
1473,44.25359064628767,,45.08070262778137,
1474,44.51710446056974,,45.36018564358794,
1475,44.77650304368093,,45.635937018871076,
1476,45.03175390429859,,45.907894980889104,
1477,45.282824931625534,,46.175998059242005,
1478,45.52968439925324,,46.44018509544563,
1479,45.77230096899003,,46.7003952524821,
1480,46.01064369465386,,46.956568024325115,
1481,46.24468202582928,,47.20864324543872,
1482,46.47438581158811,,47.45656110024849,
1483,46.699725304173356,,47.70026213258359,
1484,46.920671162646,,47.93968725508858,
1485,47.13719445649419,,48.174777758603625,
1486,47.3492666692044,,48.40547532151183,
1487,47.55685970179413,,48.631722019052376,
1488,47.75994587630582,,48.85346033259826,
1489,47.958497939261356,,49.07063315889731,
1490,48.152489065077,,49.28318381927519,
1491,48.34189285943814,,49.49105606879915,
1492,48.526683362633555,,49.694194105401294,
1493,48.70683505284877,,49.892542578959976,
1494,48.882322849418074,,50.08604660033824,
1495,49.05312211603487,,50.27465175037791,
1496,49.219208663919886,,50.45830408884814,
1497,49.38055875494691,,50.63695016334715,
1498,49.5371491047257,,50.81053701815598,
1499,49.68895688564157,,50.97901220304291,
1500,49.835959729851446,,51.14232378201742,
1501,49.97813573223581,,51.30042034203239,
1502,50.11546345330643,,51.453251001633355,
1503,50.24792192206926,,51.600765419553625,
1504,50.37549063884229,,51.74291380325398,
1505,50.498149578027984,,51.87964691740581,
1506,50.615879190839934,,52.01091609231648,
1507,50.72866040798336,,52.1366732322957,
1508,50.83647464228918,,52.256870823961755,
1509,50.939303791301235,,52.371461944486384,
1510,51.03713023981643,,52.48040026977715,
1511,51.12993686237738,,52.58364008259612,
1512,51.21770702571729,,52.681136280613714,
1513,51.30042459115673,,52.77284438439657,
1514,51.37807391695198,,52.85872054532823,
1515,51.45063986059471,,52.93872155346158,
1516,51.518107781062554,,53.01280484530187,
1517,51.58046354102043,,53.08092851151916,
1518,51.63769350897221,,53.143051304589186,
1519,51.68978456136252,,53.19913264636139,
1520,51.73672408462828,,53.24913263555312,
1521,51.77849997719985,,53.29301205516886,
1522,51.8151006514514,,53.33073237984344,
1523,51.84651503560029,,53.36225578310809,
1524,51.87273257555512,,53.38754514457835,
1525,51.89374323671232,,53.406564057062674,
1526,51.909537505700904,,53.41927683359082,
1527,51.92010639207521,,53.42564851436083,
1528,51.92544142995535,,53.42564487360365,
1529,51.92553467961514,,53.419232426364395,
1530,51.920378729017294,,53.40637843519918,
1531,51.909966695295616,,53.387050916786514,
1532,51.89429222618403,,53.361218648452336,
1533,51.873349501392134,,53.32885117460763,
1534,51.8471332339272,,53.28991881309764,
1535,51.81563867136227,,53.24439266146185,
1536,51.778861597050245,,53.19224460310355,
1537,51.73679833128374,,53.133447313368265,
1538,51.68944573240053,,53.06797426552996,
1539,51.636801197834366,,52.99579973668419,
1540,51.578862665111025,,52.91689881354721,
1541,51.51562861278938,,52.831247398160215,
1542,51.44709806134737,,52.73882221349774,
1543,51.37327057401267,,52.63960080897942,
1544,51.2941462575379,,52.53356156588415,
1545,51.20972576292027,,52.4206837026659,
1546,51.12001028606545,,52.3009472801702,
1547,51.02500156839559,,52.17433320675062,
1548,50.9247018974013,,52.04082324328425,
1549,50.819114107137516,,51.90040000808552,
1550,50.70824157866306,,51.753046981717446,
1551,50.59208824042387,,51.59874851169958,
1552,50.47065856857967,,51.437489817111896,
1553,50.34395758727413,,51.26925699309374,
1554,50.21199086884825,,51.09403701523728,
1555,50.07476453399698,,50.91181774387449,
1556,49.932285251869004,,50.72258792825717,
1557,49.784560240109506,,50.52633721062911,
1558,49.63159726484593,,50.323056130189755,
1559,49.47340464061662,,50.11273612694873,
1560,49.30999123024233,,49.89536954547051,
1561,49.14136644464046,,49.67094963850849,
1562,48.96754024258204,,49.43947057052801,
1563,48.78852313039139,,49.20092742111746,
1564,48.60432616158842,,48.95531618828703,
1565,48.4149609364735,,48.70263379165434,
1566,48.22043960165496,,48.44287807551654,
1567,48.020774849519086,,48.176047811808054,
1568,47.815979917642686,,47.90214270294366,
1569,47.60606858814817,,47.62116338454611,
1570,47.39105518700115,,47.33311142805796,
1571,47.17095458325059,,47.0379893432369,
1572,46.945782188211446,,46.735800580534175,
1573,46.71555395458988,,46.426549533355576,
1574,46.48028637555103,,46.110241540204505,
1575,46.239996483729385,,45.78688288670664,
1576,45.99470185018177,,45.45648080751577,
1577,45.74442058328301,,45.11904348810027,
1578,45.489171327564286,,44.774580066409925,
1579,45.22897326249427,,44.423100634422575,
1580,44.963846101203046,,44.064616239570206,
1581,44.69381008914893,,43.699138886044125,
1582,44.418886002728264,,43.326681535978835,
1583,44.139095147828144,,42.947258110514255,
1584,43.85445935832236,,42.56088349073593,
1585,43.56500099451045,,42.16757351849292,
1586,43.27074294150005,,41.76734499709305,
1587,42.971708607532676,,41.36021569187521,
1588,42.667921922252894,,40.946204330658475,
1589,42.35940733492119,,40.525330604067676,
1590,42.046189812570496,,40.097615165735284,
1591,41.72829483810659,,39.66307963237931,
1592,41.40574840835242,,39.22174658375697,
1593,41.07857703203657,,38.773639562493976,
1594,40.74680772772596,,38.31878307378924,
1595,40.41046802170294,,37.85720258499478,
1596,40.06958594578692,,37.388924525070685,
1597,39.724190035100726,,36.91397628391503,
1598,39.3743093257818,,36.43238621156854,
1599,39.01997335263847,,35.944183617294,
1600,38.661212146751424,,35.449398768530145,
1601,38.29805623302059,,34.9480628897201,
1602,37.93053662765762,,34.440208161014255,
1603,37.55868483562413,,33.925867716847456,
1604,37.18253284801599,,33.405075644390585,
1605,36.80211313939374,,32.87786698187641,
1606,36.41745866505947,,32.34427771679975,
1607,36.028602858280294,,31.804344783991986,
1608,35.63557962745869,,31.258106063569866,
1609,35.23842335324993,,30.705600378758714,
1610,34.83716888562683,,30.146867493590083,
1611,34.431851540892055,,29.581948110473895,
1612,34.02250709863822,,29.01088386764521,
1613,33.6091717986561,,28.43371733648566,
1614,33.19188233779109,,27.850492018719734,
1615,32.77067586674836,,27.261252343486003,
1616,32.34558998684676,,26.66604366428345,
1617,31.916662746721922,,26.064912255793086,
1618,31.48393263897878,,25.457905310575004,
1619,31.047438596793764,,24.845070935641104,
1620,30.60721999046704,,24.22645814890366,
1621,30.163316623925006,,23.602116875500016,
1622,29.715768731173412,,22.97209794399358,
1623,29.264616972701397,,22.336453082451467,
1624,28.80990243183674,,21.695234914398966,
1625,28.35166661105268,,21.048496954651235,
1626,27.8899514282266,,20.39629360502241,
1627,27.42479921285093,,19.73868014991258,
1628,26.956252702196597,,19.075712751772823,
1629,26.484355037429335,,18.407448446448814,
1630,26.009149759679282,,17.733945138403236,
1631,25.530680806064137,,17.055261595817456,
1632,25.04899250566627,,16.371457445572865,
1633,24.56412957546415,,15.682593168112259,
1634,24.076137116218458,,14.988730092181722,
1635,23.585060608313256,,14.289930389453456,
1636,23.090945907552584,,13.586257069030012,
1637,22.5938392409129,,12.877773971830397,
1638,22.0937872022517,,12.164545764858566,
1639,21.590836747972777,,11.446637935354786,
1640,21.085035192648466,,10.724116784830409,
1641,20.576430204599294,,9.99704942298659,
1642,20.065069801431477,,9.2655037615175,
1643,19.55100234553262,,8.529548507798602,
1644,19.034276539526093,,7.789253158460574,
1645,18.514941421684473,,7.044687992849488,
1646,17.993046361302493,,6.295924066373833,
1647,17.46864105402995,,5.543033203739037,
1648,16.94177551716496,,4.78608799207011,
1649,16.41250008490807,,4.025161773923084,
1650,15.880865403577618,,3.2603286401858975,
1651,15.346922426786808,,2.491663422869439,
1652,14.810722410582994,,1.7192416877894252,
1653,14.272316908549575,,0.9431397271398475,
1654,13.731757766871011,,0.1634345519587056,
1655,13.189097119361408,,-0.6197961155132232,
1656,12.644387382457161,,-1.4064738495798217,
1657,12.097681250174116,,-2.1965195289425057,
1658,11.549031689029754,,-2.989853344657746,
1659,10.998491932930865,,-3.7863948081984375,
1660,10.44611547802722,,-4.586062759618304,
1661,9.89195607753173,,-5.388775375818508,
1662,9.336067736507584,,-6.194450178915625,
1663,8.778504706622877,,-7.003004044710129,
1664,8.219321480873248,,-7.814353211254512,
1665,7.658572788273008,,-8.628413287520173,
1666,7.096313588515308,,-9.445099262162154,
1667,6.53259906660184,,-10.264325512380841,
1668,5.967484627442609,,-11.086005812879693,
1669,5.4010258904262995,,-11.910053344918058,
1670,4.833278683961762,,-12.736380705458153,
1671,4.264299039991161,,-13.56489991640521,
1672,3.694143188475314,,-14.395522433939853,
1673,3.122867551851772,,-15.228159157941683,
1674,2.5505287394661798,,-16.062720441503107,
1675,1.977183541977462,,-16.899116100532357,
1676,1.4028889257373962,,-17.737255423444733,
1677,0.827702027145117,,-18.577047180940966,
1678,0.25168014697711516,,-19.418399635871697,
1679,-0.32511925530670815,,-20.261220553187023,
1680,-0.9026385672803686,,-21.105417209969975,
1681,-1.4808200292919387,,-21.95089640555292,
1682,-2.0596057402259307,,-22.79756447171573,
1683,-2.6389376632873507,,-23.645327282964647,
1684,-3.218757631806844,,-24.49409026689071,
1685,-3.7990073550663537,,-25.343758414606615,
1686,-4.379628424144714,,-26.194236291260882,
1687,-4.96056231778259,,-27.04542804662813,
1688,-5.5417504082661715,,-27.897237425774353,
1689,-6.123133967329048,,-28.74956777979601,
1690,-6.704654172071648,,-29.60232207663169,
1691,-7.286252110897668,,-30.45540291194524,
1692,-7.8678687894668835,,-31.308712520079077,
1693,-8.449445136663744,,-32.16215278507652,
1694,-9.030922010581149,,-33.01562525177189,
1695,-9.612240204518802,,-33.8690311369471,
1696,-10.193340452995534,,-34.722271340553625,
1697,-10.774163437774991,,-35.57524645699841,
1698,-11.35464979390407,,-36.42785678649258,
1699,-11.934740115763487,,-37.28000234646167,
1700,-12.51437496312988,,-38.131582883016,
1701,-13.093494867248802,,-38.98249788247999,
1702,-13.672040336918014,,-39.832646582979095,
1703,-14.249951864580435,,-40.681927986083004,
1704,-14.827169932426138,,-41.53024086850384,
1705,-15.403635018502765,,-42.37748379384797,
1706,-15.979287602833741,,-43.22355512442017,
